feature,importance
aa_I_freq,0.025216132
negative_charge_fraction,0.01372338
kmer3_AGG,0.013653803
kmer3_ALV,0.008424303
aa_C_freq,0.00821955
kmer3_KEA,0.007947878
aa_P_freq,0.007724585
kmer3_SGS,0.006951318
kmer2_AA,0.006761191
aa_A_freq,0.006029251
kmer3_LTA,0.005808483
kmer3_ESL,0.00564456
aa_N_freq,0.005582248
kmer3_SAL,0.0053876475
kmer2_SS,0.0053674364
aa_Y_freq,0.004938474
kmer3_SEL,0.0048823506
kmer2_IE,0.004850377
kmer3_SAA,0.004842115
aa_K_freq,0.0048418324
kmer3_GKT,0.004708576
kmer3_LLS,0.0046901484
kmer3_ATT,0.0046120053
aa_L_freq,0.0045365137
kmer3_TST,0.0044425116
aa_S_freq,0.004245453
aa_D_freq,0.0041910876
kmer3_KLE,0.0041570473
kmer3_TLK,0.004107063
molecular_weight,0.0040847664
kmer3_LAL,0.004062211
kmer3_LKN,0.004059835
kmer2_NQ,0.00392087
kmer3_LVG,0.0039103255
kmer3_EAL,0.0038956676
kmer3_ILL,0.0038001863
kmer3_TEE,0.0036825596
kmer2_AP,0.0036419623
kmer2_AF,0.0036238737
kmer3_AAV,0.003623833
aa_G_freq,0.0035779837
kmer3_LLE,0.0035657182
kmer3_VAA,0.0034819124
kmer2_SA,0.003475169
kmer3_LIG,0.0034665368
aa_H_freq,0.003385602
kmer2_TK,0.0033784693
aa_T_freq,0.0033527685
kmer2_PP,0.0033416569
kmer2_FK,0.0033227587
kmer3_GTT,0.0033052866
kmer3_LTL,0.003289371
kmer3_LEK,0.003289337
kmer3_ASG,0.0032742193
kmer3_GSS,0.0032174508
hydrophobic_fraction,0.0032045036
kmer3_LLG,0.0031974344
kmer3_LAG,0.0031897295
kmer3_LSK,0.0031845716
kmer3_SLS,0.003146441
kmer2_SL,0.003110548
kmer3_LLD,0.0030916457
kmer3_DAL,0.0030842384
kmer2_NI,0.0030696609
kmer3_GVL,0.0030630366
kmer3_KLK,0.0030567453
kmer2_PD,0.003045065
kmer3_KTL,0.0030382862
kmer3_KAI,0.0030250873
kmer3_AEE,0.0030183222
kmer2_FD,0.0029724
kmer3_AAL,0.0029677055
kmer3_LTS,0.0029649793
kmer2_GF,0.002961559
kmer2_KT,0.0029508679
kmer2_RG,0.002923517
kmer3_EKA,0.0028775868
kmer2_VK,0.0028745704
kmer3_SST,0.0028656556
kmer3_TLS,0.0028573477
kmer3_ALL,0.0028565822
kmer2_NK,0.002853326
kmer3_SLV,0.002851174
kmer3_LVL,0.0028279459
kmer3_LGG,0.0028266273
kmer3_LLK,0.0028264138
kmer3_LAE,0.0028208266
kmer2_RT,0.002808287
kmer3_EKE,0.002807174
kmer3_LSS,0.0027973019
kmer3_NVT,0.0027963775
kmer3_LSA,0.0027868263
kmer2_VR,0.0027746141
kmer3_LNK,0.0027564208
kmer2_TN,0.0027546622
seq_length,0.0027463802
kmer3_EEA,0.0027461415
kmer2_AE,0.0027397561
kmer3_LSN,0.0027246452
kmer2_DP,0.0026894207
kmer3_KEI,0.0026781477
kmer3_LAK,0.0026764106
kmer2_KP,0.0026554132
kmer3_LKK,0.0026491343
kmer2_KD,0.002640051
kmer3_LST,0.0026379698
positive_charge_fraction,0.0026374157
kmer2_IN,0.0026266028
kmer3_EEK,0.0026162292
kmer3_LEL,0.0026153561
kmer2_QY,0.0026048052
kmer2_MA,0.0026026005
kmer2_QN,0.0025829503
kmer3_ALS,0.0025732664
kmer3_LAA,0.0025411248
kmer2_DE,0.002523855
kmer3_SLG,0.0025057115
kmer3_ILK,0.0025000225
kmer3_LEE,0.0024993408
kmer3_KAK,0.002494087
kmer3_SSL,0.0024932255
kmer3_KKV,0.0024930646
kmer2_DN,0.0024896022
kmer3_VLS,0.002485
kmer3_EVL,0.0024829605
aliphatic_fraction,0.0024622402
kmer3_KKK,0.0024616763
kmer3_LSE,0.0024421536
kmer2_GN,0.0024175744
kmer2_II,0.0023979272
kmer3_LVA,0.0023725918
kmer2_ND,0.0023724404
kmer3_GLA,0.0023429866
kmer3_AAG,0.0023409862
kmer3_DKL,0.0023402297
kmer3_EKL,0.0023171543
kmer2_ID,0.0022980273
kmer3_TTA,0.0022843392
kmer3_VLA,0.0022627765
kmer2_RL,0.0022622677
kmer3_TVK,0.0022450408
kmer3_IIG,0.0022400934
kmer2_NT,0.002237817
kmer2_KS,0.0022332661
kmer2_LI,0.002231188
kmer3_LLI,0.0022301788
kmer2_AG,0.0022291925
net_charge_estimate,0.002205085
kmer3_GLI,0.0021895128
kmer2_SP,0.0021845908
kmer3_KDI,0.002170937
kmer2_FL,0.0021639585
aa_W_freq,0.0021499319
kmer2_YA,0.0021416526
kmer3_ALK,0.002129096
aa_V_freq,0.0021255254
kmer2_LQ,0.0021237382
kmer3_GGL,0.0021117283
kmer3_VTT,0.0021008796
kmer2_KK,0.002096231
kmer2_ST,0.0020923167
kmer3_SES,0.0020915852
kmer3_LLL,0.0020913964
kmer3_EEE,0.0020748565
kmer2_DR,0.0020620814
kmer2_MI,0.002055674
kmer2_VF,0.0020483264
kmer3_GLV,0.00204268
kmer3_KLT,0.0020289393
kmer3_AAS,0.0020276527
kmer3_SGG,0.0020120167
kmer2_TD,0.0020117091
kmer2_NY,0.002007232
kmer2_KQ,0.002002831
aa_E_freq,0.0019957223
kmer2_QS,0.001993543
kmer2_LH,0.001973262
kmer2_YL,0.001961385
kmer2_YI,0.0019520334
kmer3_ASV,0.0019459935
aromatic_fraction,0.0019459864
kmer2_LT,0.0019446055
kmer3_AVL,0.0019332699
kmer3_SGK,0.0019330664
kmer3_ATL,0.001932328
kmer2_LR,0.0019180811
kmer3_GAG,0.0019098785
kmer3_ELS,0.0018955286
kmer3_ILS,0.0018871175
kmer2_YG,0.0018747367
kmer2_SI,0.0018671917
kmer3_KAL,0.0018649702
kmer2_EP,0.0018648054
kmer2_FS,0.0018597002
kmer2_KI,0.0018360302
kmer3_SDS,0.0018328339
kmer2_MT,0.001829272
kmer2_IL,0.0018196155
aa_M_freq,0.0018055314
kmer2_LS,0.0018054519
kmer3_LIS,0.0017999074
kmer2_NE,0.0017943016
kmer2_DV,0.0017916118
kmer3_LSV,0.0017769058
kmer3_KVL,0.0017761706
kmer2_SG,0.001764557
kmer2_PR,0.0017502521
kmer2_LL,0.0017412243
kmer2_GP,0.0017408463
kmer2_FI,0.001738868
kmer2_FG,0.0017370927
kmer3_GKL,0.0017369003
kmer3_SLK,0.0017336576
kmer3_LAT,0.0017298224
kmer3_IEE,0.0017272485
kmer2_IQ,0.0017216026
kmer2_IV,0.0017215159
kmer3_SSG,0.0017177174
kmer3_EIE,0.0017149117
kmer2_PL,0.0017104145
kmer2_RP,0.0016927796
kmer3_SAS,0.0016921749
kmer2_KN,0.0016911243
kmer2_DS,0.0016867565
kmer2_QV,0.001683135
kmer2_YK,0.0016783992
kmer2_SQ,0.00167543
kmer3_GGG,0.0016751396
kmer2_GD,0.0016724265
kmer3_STT,0.0016721633
kmer2_NN,0.0016716986
kmer3_KEK,0.0016714926
kmer2_IK,0.0016689616
aa_R_freq,0.0016687682
kmer2_IF,0.0016666369
kmer2_RD,0.001666224
kmer2_GS,0.0016640188
kmer2_TS,0.0016571783
kmer3_KLA,0.0016552873
kmer2_IR,0.0016535288
kmer3_ASS,0.0016502815
kmer2_TQ,0.001645973
kmer2_LN,0.0016222377
kmer2_RE,0.0016122867
kmer2_FT,0.0016094757
kmer2_TL,0.0016061296
kmer2_PA,0.001595747
kmer3_AKK,0.0015875385
kmer3_DEL,0.0015786482
kmer2_PV,0.0015765358
kmer2_DI,0.0015762957
kmer3_GSL,0.0015672134
kmer2_AY,0.0015550748
kmer2_SR,0.001554538
kmer2_AM,0.0015339024
kmer2_QT,0.0015297597
kmer2_DF,0.0015152899
kmer2_GK,0.001509775
kmer3_EEL,0.0015075925
kmer2_FA,0.0015029855
kmer3_ETL,0.0015023595
kmer2_LF,0.0015012004
kmer2_IS,0.0015006254
kmer2_VL,0.0014953786
kmer3_EKV,0.0014876636
kmer2_SY,0.0014822998
kmer2_LD,0.001473597
kmer2_NA,0.0014712883
kmer2_HL,0.0014699387
kmer3_AIA,0.0014697423
kmer2_RF,0.001463479
kmer2_AD,0.0014575042
kmer2_QL,0.0014563336
kmer2_SF,0.0014548302
aa_Q_freq,0.0014376239
kmer2_EL,0.0014350966
kmer2_QK,0.0014348391
kmer3_IAL,0.001429814
kmer3_TSL,0.0014204162
kmer3_LLV,0.0014203596
kmer2_MK,0.0014156058
kmer2_DD,0.0014109049
kmer2_NL,0.0014080787
kmer2_VY,0.0014027581
kmer2_EK,0.0014023582
kmer3_DLK,0.0014010854
kmer3_VAL,0.0013888214
kmer2_NV,0.0013878974
kmer3_KDK,0.0013835552
kmer2_LE,0.0013791472
kmer3_GAA,0.0013766654
kmer2_GY,0.0013763673
kmer2_RK,0.0013760321
kmer2_PT,0.0013711802
kmer2_KF,0.0013688658
kmer3_VVL,0.001368134
kmer2_VV,0.0013659543
kmer3_LSD,0.0013638788
kmer2_QA,0.0013625637
kmer3_LLN,0.0013578762
kmer3_LKA,0.0013547458
kmer3_SGL,0.0013513484
kmer2_PK,0.0013509961
kmer2_PF,0.0013440846
kmer2_AL,0.0013427559
kmer2_DY,0.0013400472
kmer3_KLI,0.0013391253
kmer3_AKA,0.0013332443
kmer3_LSG,0.0013328962
kmer2_LG,0.0013301929
kmer2_RS,0.0013270205
kmer3_ALA,0.0013252746
kmer3_TTS,0.0013250812
kmer2_KR,0.001324088
kmer3_VSL,0.0013201096
kmer2_IY,0.0013187762
kmer2_YQ,0.0013172997
kmer2_DT,0.0013080612
kmer2_QE,0.0012894997
kmer2_TA,0.0012889015
kmer2_EI,0.0012843879
kmer2_VI,0.0012825903
kmer3_TTT,0.001280074
kmer2_RV,0.0012783261
kmer2_LV,0.0012773519
kmer2_RI,0.0012657198
aa_F_freq,0.0012642677
kmer3_TAS,0.0012615925
kmer2_VQ,0.0012596055
kmer2_SD,0.0012589259
kmer2_TI,0.001258072
kmer3_SLL,0.001257091
kmer2_VN,0.0012565524
kmer2_EY,0.0012562637
kmer3_LNE,0.0012531506
kmer3_IKD,0.0012499901
kmer2_QR,0.0012482199
kmer2_SN,0.0012471367
kmer2_GR,0.0012442687
kmer3_LGL,0.0012382002
kmer2_TV,0.0012377317
kmer2_FE,0.0012345144
kmer3_LGA,0.0012299288
kmer3_LKD,0.0012272708
kmer3_LLA,0.0012269109
kmer3_VKE,0.0012238198
kmer2_KY,0.0012226575
kmer3_AVA,0.0012218214
kmer2_PN,0.0012156542
kmer2_AI,0.001213348
kmer3_EAK,0.0012123922
kmer2_DL,0.0012045823
kmer2_FN,0.0012007237
kmer2_PE,0.0011962225
kmer2_AV,0.0011924427
kmer2_VD,0.0011803291
kmer2_AN,0.0011785739
kmer2_AT,0.0011784169
kmer2_SK,0.0011741756
kmer2_IA,0.0011634862
kmer2_VE,0.0011540746
kmer2_IG,0.0011538509
kmer2_ED,0.0011535286
kmer3_DKV,0.001152106
kmer3_TAL,0.0011492411
kmer2_QG,0.0011490941
kmer2_YN,0.0011483107
kmer2_DQ,0.0011467516
kmer3_AAA,0.0011432964
kmer2_NS,0.0011414143
kmer2_ER,0.0011411837
kmer2_EE,0.0011410007
kmer2_YD,0.001133138
kmer2_VS,0.0011254464
kmer3_LIK,0.0011250979
kmer2_EG,0.0011231697
kmer3_VST,0.0011196051
kmer2_TP,0.0011193784
kmer2_MS,0.0011151776
kmer3_VTV,0.0011136658
kmer3_AGL,0.0011107655
kmer2_YV,0.0011100199
kmer2_DG,0.0011057557
kmer3_KKA,0.0011007659
kmer2_QP,0.0011007264
kmer2_AQ,0.0011006898
kmer2_TY,0.0010996577
kmer2_TE,0.0010983008
kmer2_EF,0.0010882955
kmer3_SIS,0.0010826768
kmer3_AKE,0.0010824095
kmer2_RY,0.0010789324
kmer2_YE,0.0010784676
kmer2_LK,0.0010777775
kmer2_GV,0.0010726063
kmer2_TT,0.0010720143
kmer3_SKE,0.0010719068
kmer3_SSS,0.001065871
kmer2_GG,0.001050075
kmer2_AK,0.0010473478
kmer2_DK,0.0010456389
kmer2_DA,0.0010370756
kmer3_ALG,0.0010264739
kmer2_PG,0.0010187405
kmer2_IT,0.0010169932
kmer2_KG,0.0010141718
kmer3_ASA,0.0010104013
kmer3_KQL,0.0010064644
kmer2_GL,0.0010056158
kmer2_KL,0.0009866804
kmer3_LIL,0.0009839468
kmer2_AS,0.000977698
kmer2_IP,0.0009677941
kmer3_GLT,0.00096622825
kmer3_ALE,0.00096474605
kmer2_GQ,0.0009619706
kmer3_TSA,0.0009474964
kmer2_SE,0.00093315926
kmer2_VG,0.0009327854
kmer2_RR,0.00093235855
kmer2_QQ,0.0009312527
kmer3_ATG,0.0009304117
kmer2_RA,0.00092703593
kmer2_QD,0.000919922
kmer3_EDL,0.0009194731
kmer2_LA,0.00091875816
kmer2_NG,0.0009148237
kmer2_KV,0.00090191397
kmer3_KLS,0.0008940087
kmer2_ET,0.0008765647
kmer3_KVK,0.00086094433
kmer2_EA,0.000855206
kmer2_PS,0.0008533691
kmer3_LIA,0.0008480935
kmer3_ELL,0.000847674
kmer2_FV,0.0008462624
kmer2_KA,0.00082260044
kmer3_KDL,0.0008202247
kmer3_NLL,0.0008133322
kmer2_YR,0.00080920244
kmer2_EV,0.0008072092
kmer2_VP,0.0007961156
kmer3_ELA,0.0007937432
kmer2_NR,0.0007901345
kmer2_GI,0.00078709255
kmer2_ES,0.00078593247
kmer2_EN,0.0007848382
kmer2_VA,0.00076866674
kmer2_RN,0.00076268706
kmer3_DGK,0.0007614393
kmer2_VT,0.000746276
kmer3_KKL,0.0007431009
kmer3_LAS,0.00073796586
kmer2_NF,0.00073754287
kmer2_EQ,0.0007344444
kmer3_AGA,0.00072893506
kmer2_GE,0.00072779786
kmer3_VSA,0.0007231476
kmer2_KE,0.0007230192
kmer2_SV,0.00071918615
kmer2_AR,0.00071525946
kmer3_KSL,0.00071198464
kmer2_GA,0.0007119419
kmer2_LP,0.0007076539
kmer2_PI,0.0007067341
kmer2_TG,0.0007054263
kmer3_LSL,0.00070035196
kmer2_GT,0.0006994943
kmer3_IEK,0.0006952527
kmer2_TR,0.00069448975
kmer3_LID,0.0006889293
kmer2_YS,0.00067402207
kmer3_LES,0.0006700266
kmer3_ELE,0.00066757796
kmer3_ENG,0.0006523018
kmer2_QI,0.0006341325
kmer3_VTL,0.00063334475
kmer2_YT,0.00062735484
kmer3_LKL,0.000619796
kmer3_LTG,0.00061737053
kmer3_KEL,0.00059522403
kmer3_VSS,0.00057814
kmer3_GSG,0.0005779742
kmer3_EEI,0.0005740718
kmer2_LY,0.00055282743
kmer3_SLA,0.00053194404
kmer3_DSD,0.0005075419
kmer2_NP,0.0005009178
kmer3_SKL,0.0004867813
kmer3_LDK,0.0004630673
kmer3_LKE,0.0004573551
kmer2_RQ,0.00045162495
kmer3_SVL,0.00045140972
kmer3_GLS,0.00044140284
kmer3_TTL,0.00042810765
kmer3_TSS,0.00042052148
kmer2_TF,0.00041901472
kmer3_ALI,0.00041812003
kmer3_DLL,0.00040572908
kmer2_ML,0.0003860418
kmer3_LEN,0.00038120814
kmer3_GAL,0.00038089906
kmer3_GLL,0.00037574873
kmer3_TAT,0.00034992435
kmer3_TLT,0.00034872675
kmer3_KKE,0.00033982666
kmer3_AKL,0.00033058916
kmer3_KEE,0.000314796
kmer3_AVS,0.00030588705
kmer2_PQ,0.0002945089
kmer2_LM,0.00026829113
kmer3_NGK,0.00024490248
kmer3_LVS,0.00022792643
kmer3_KEV,0.0002102489
kmer3_SVS,0.00018043324
kmer3_KLL,0.00016816778
kmer3_ALT,0.00016022458
kmer3_TVT,6.423194e-05
kmer3_KDG,4.2601845e-05
kmer3_LLQ,0.0
kmer3_VLL,0.0
kmer3_LKS,0.0
kmer3_SSA,0.0
kmer3_GGA,0.0
kmer3_STL,0.0
kmer3_QLL,0.0
kmer3_AST,0.0
kmer3_LLT,0.0
kmer3_ATA,0.0
kmer3_SLI,0.0
kmer3_LTE,0.0
kmer3_VEE,0.0
kmer3_VAS,0.0
kmer3_TLL,0.0
kmer3_STS,0.0
kmer3_AVG,0.0
kmer3_ASL,0.0
kmer3_SIL,0.0
kmer3_AEL,0.0
kmer3_ELK,0.0
